,Brand,Processor,Operating_System,Ram_1,SSD,HDD,Touch_Screen,MRP,Price
0,Lenovo,i3,win11,8,256,0,no,"₹36,990",36990
1,Lenovo,i3,win11,8,512,0,no,"₹39,990",39990
2,ASUS,i3,win11,8,512,0,no,"₹32,990",32990
3,HP,r5,win10,8,512,0,no,"₹49,990",49990
4,ASUS,i5,win11,8,512,0,no,"₹49,990",49990
5,HP,i3,win11,8,256,0,no,"₹36,990",36990
6,DELL,i3,win11,8,256,1000,no,"₹38,990",38990
7,RedmiBook,i5,win11,8,512,0,no,"₹39,990",39990
8,realme,i3,win10,8,256,0,no,"₹46,990",46990
9,ASUS,r7,win11,16,512,0,no,"₹44,990",44990
10,HP,r5,win11,8,512,0,no,"₹59,990",59990
11,Lenovo,r5,win11,8,512,0,no,"₹38,705",38705
12,ASUS,i3,win11,8,256,0,no,"₹32,990",32990
13,ASUS,r5,win11,8,512,0,no,"₹52,990",52990
14,acer,i3,win11,8,256,0,no,"₹29,990",29990
15,ASUS,r9,win11,16,1000,0,no,"₹1,96,990",196990
16,ASUS,i5,win11,8,256,1000,no,"₹47,990",47990
17,ASUS,i5,win11,8,512,0,no,"₹45,990",45990
18,MSI,r5,win11,8,512,0,no,"₹47,990",47990
19,ASUS,r7,win11,16,1000,0,no,"₹85,990",85990
20,APPLE,M1,MacOS,8,256,0,no,"₹88,990",88990
21,HP,i3,win11,8,512,0,no,"₹40,990",40990
22,Lenovo,Celeron,DOS,4,256,256,no,"₹19,490",19490
23,Lenovo,r3,win11,8,512,0,no,"₹35,590",35590
24,HP,i5,win11,8,512,0,no,"₹65,990",65990
25,RedmiBook,i5,win11,8,512,0,no,"₹39,990",39990
26,Lenovo,i3,win11,8,512,0,no,"₹39,990",39990
27,ASUS,r9,win11,16,1000,0,no,"₹1,96,990",196990
28,acer,i5,win11,16,512,0,no,"₹58,990",58990
29,realme,i3,win10,8,256,0,no,"₹46,990",46990
30,Lenovo,r5,win11,8,512,0,no,"₹38,705",38705
31,ASUS,r7,win11,16,1000,0,no,"₹85,990",85990
32,acer,r3,win11,8,256,0,no,"₹24,990",24990
33,acer,r5,win11,8,512,0,no,"₹47,990",47990
34,ASUS,r7,win11,8,512,0,no,"₹73,990",73990
35,Lenovo,i5,win11,8,512,0,no,"₹53,490",53490
36,Lenovo,r3,win11,8,512,0,no,"₹35,590",35590
37,ASUS,r9,win11,16,1000,0,no,"₹1,50,990",150990
38,Lenovo,i5,win11,8,512,0,no,"₹51,990",51990
39,ASUS,i5,win11,16,512,0,yes,"₹66,990",66990
40,Lenovo,i3,win11,8,256,0,no,"₹36,990",36990
41,ASUS,r9,win11,16,1000,0,no,"₹1,94,990",194990
42,acer,r5,win11,16,512,0,no,"₹51,990",51990
43,HP,Athlon,win11,8,256,0,no,"₹25,990",25990
44,acer,r5,win11,8,512,0,no,"₹35,990",35990
45,ASUS,i5,win11,8,512,0,no,"₹43,990",43990
46,Lenovo,r5,win11,8,512,0,no,"₹44,990",44990
47,Lenovo,r5,win11,8,512,0,no,"₹64,490",64490
48,ASUS,i3,win11,8,256,0,no,"₹40,990",40990
49,ASUS,i3,win11,8,512,0,no,"₹38,990",38990
50,Lenovo,i3,win11,8,256,0,no,"₹36,990",36990
51,RedmiBook,i5,win11,8,512,0,no,"₹39,990",39990
52,HP,i5,win11,8,512,0,no,"₹58,990",58990
53,realme,i5,win10,8,512,0,no,"₹59,990",59990
54,acer,i5,win10,8,512,0,no,"₹47,990",47990
55,HP,r3,win11,8,512,0,no,"₹37,499",37499
56,ASUS,r9,win11,16,1000,0,no,"₹1,96,990",196990
57,Lenovo,r5,win11,8,512,0,no,"₹38,705",38705
58,ASUS,r9,win10,8,1000,0,no,"₹94,990",94990
59,ASUS,i3,win11,8,512,0,no,"₹32,990",32990
60,ASUS,r7,win11,16,1000,0,no,"₹85,990",85990
61,Lenovo,r3,win11,8,512,0,no,"₹35,590",35590
62,ASUS,Celeron,win11,4,256,0,no,"₹23,990",23990
63,HP,r5,win11,16,512,0,no,"₹48,990",48990
64,APPLE,M2,MacOS,8,512,0,no,"₹1,39,990",139990
65,ASUS,r7,win11,16,512,0,no,"₹89,990",89990
66,ASUS,r9,win11,16,1000,0,no,"₹1,50,990",150990
67,Lenovo,i3,win11,8,512,0,no,"₹39,990",39990
68,ASUS,r5,win11,8,1000,0,no,"₹59,990",59990
69,DELL,r5,win11,16,512,0,no,"₹70,990",70990
70,ASUS,r9,win11,16,1000,0,no,"₹1,94,990",194990
71,Lenovo,r5,win11,8,512,0,no,"₹44,990",44990
72,Infinix,Celeron,win11,8,256,0,no,"₹22,990",22990
73,HP,r5,win11,8,512,0,no,"₹46,990",46990
74,ASUS,i5,win10,8,256,1000,no,"₹50,990",50990
75,Infinix,i3,win11,8,256,0,no,"₹28,990",28990
76,RedmiBook,i5,win11,8,512,0,no,"₹39,990",39990
77,Lenovo,r5,win11,8,512,0,no,"₹38,705",38705
78,MSI,i7,win10,16,512,0,no,"₹84,990",84990
79,APPLE,M1P,MacOS,16,512,0,no,"₹1,81,990",181990
80,ASUS,r9,win11,16,1000,0,no,"₹1,96,990",196990
81,ASUS,r7,win11,16,1000,0,no,"₹85,990",85990
82,MSI,r9,win11,16,1000,0,no,"₹1,09,990",109990
84,Infinix,i5,win11,16,512,0,no,"₹37,990",37990
85,APPLE,M2,MacOS,8,512,0,no,"₹1,39,990",139990
86,Lenovo,r3,win11,8,512,0,no,"₹35,590",35590
87,ASUS,r9,win11,16,1000,0,no,"₹1,50,990",150990
88,Lenovo,i3,win11,4,256,0,no,"₹29,990",29990
89,Lenovo,Celeron,Chrome,4,0,0,no,"₹19,490",19490
90,Lenovo,i3,win11,8,256,0,no,"₹36,990",36990
91,Lenovo,r7,win11,8,512,0,no,"₹73,490",73490
92,ASUS,r5,win11,8,256,1000,no,"₹52,990",52990
93,HP,i3,win11,8,512,0,no,"₹41,890",41890
94,DELL,Pentium,win11,8,256,0,no,"₹30,428",30428
95,acer,i3,win11,8,512,0,no,"₹34,990",34990
96,Lenovo,Celeron,Chrome,4,0,0,no,"₹19,490",19490
97,Lenovo,i3,win11,4,256,0,no,"₹29,990",29990
98,APPLE,M1,MacOS,8,256,0,no,"₹88,990",88990
99,Lenovo,i3,win11,8,256,0,no,"₹36,990",36990
100,MSI,i7,win10,8,512,0,no,"₹65,990",65990
101,ASUS,i3,win11,8,512,0,no,"₹33,490",33490
102,HP,i5,win11,16,512,0,no,"₹60,990",60990
103,Lenovo,i3,win11,8,512,0,no,"₹39,990",39990
104,HP,r5,win11,8,512,0,no,"₹46,990",46990
105,ASUS,r7,win11,16,512,0,no,"₹59,990",59990
106,MSI,i7,win10,16,1000,0,no,"₹1,14,990",114990
107,RedmiBook,i5,win11,8,512,0,no,"₹39,990",39990
108,ASUS,i7,win10,16,1000,0,no,"₹1,19,990",119990
109,Infinix,i5,win11,8,512,0,no,"₹42,990",42990
110,ASUS,i5,win11,16,512,0,no,"₹89,990",89990
111,Lenovo,r5,win11,8,512,0,no,"₹38,705",38705
112,MSI,r7,win11,8,512,0,no,"₹79,990",79990
113,ASUS,i5,win11,8,1000,0,no,"₹70,990",70990
114,Lenovo,i3,win11,8,256,0,no,"₹33,900",33900
115,ASUS,r9,win11,16,1000,0,no,"₹1,96,990",196990
116,realme,i5,win10,8,512,0,no,"₹59,990",59990
117,Infinix,i7,win11,16,512,0,no,"₹52,990",52990
118,APPLE,M1,MacOS,16,512,0,no,"₹1,24,990",124990
119,ASUS,r7,win11,16,1000,0,no,"₹85,990",85990
120,RedmiBook,i3,win11,8,256,0,no,"₹31,990",31990
121,acer,r5,win11,16,512,0,no,"₹66,990",66990
122,DELL,r7,win11,16,512,0,no,"₹89,081",89081
123,Lenovo,i3,win11,8,256,0,no,"₹36,990",36990
124,APPLE,M1,MacOS,8,512,0,no,"₹1,04,990",104990
125,Lenovo,i5,win11,8,512,0,no,"₹53,490",53490
126,ASUS,i3,win11,8,256,0,yes,"₹45,990",45990
127,Lenovo,i3,win11,8,512,0,no,"₹39,990",39990
128,ASUS,i3,win11,8,512,0,no,"₹45,990",45990
129,MSI,i5,win11,8,512,0,no,"₹51,990",51990
130,HP,r7,win11,16,512,0,no,"₹75,990",75990
131,RedmiBook,i5,win11,8,512,0,no,"₹39,990",39990
132,Lenovo,i3,win11,8,256,0,no,"₹36,990",36990
133,HP,i5,win11,16,512,0,yes,"₹78,800",78800
134,HP,Athlon,win11,8,512,0,no,"₹29,390",29390
135,Lenovo,r5,win11,8,512,0,no,"₹38,705",38705
136,Infinix,i3,win11,8,256,0,no,"₹30,990",30990
137,Lenovo,i5,win11,16,512,0,no,"₹62,490",62490
138,ASUS,i7,win11,16,512,0,no,"₹89,990",89990
139,ASUS,r9,win11,16,1000,0,no,"₹1,96,990",196990
140,HP,i5,win11,8,512,0,no,"₹58,899",58899
141,MSI,i5,win11,16,512,0,no,"₹85,990",85990
142,DELL,r3,win11,8,0,1000,no,"₹33,099",33099
143,ASUS,r7,win11,16,1000,0,no,"₹85,990",85990
144,Lenovo,r7,win11,8,512,0,no,"₹73,490",73490
145,Lenovo,i5,win11,8,256,1000,no,"₹63,490",63490
146,Lenovo,i3,win11,8,256,0,no,"₹36,990",36990
147,Lenovo,i3,win11,8,512,0,no,"₹39,990",39990
148,ASUS,r5,win11,8,512,0,no,"₹38,990",38990
149,HP,i5,win11,8,512,0,no,"₹67,990",67990
150,RedmiBook,i5,win11,8,512,0,no,"₹39,990",39990
151,ASUS,r9,win11,16,1000,0,no,"₹1,96,990",196990
152,HP,i3,win11,8,512,0,no,"₹39,790",39790
153,APPLE,M1P,MacOS,16,1000,0,no,"₹2,41,990",241990
154,APPLE,M1,MacOS,8,512,0,no,"₹1,04,990",104990
155,DELL,r3,win11,8,512,0,no,"₹42,190",42190
156,Lenovo,r5,win11,8,512,0,no,"₹38,705",38705
157,ASUS,r7,win11,16,1000,0,no,"₹85,990",85990
158,ASUS,i3,win11,8,512,0,no,"₹39,990",39990
159,ASUS,i7,win11,16,1000,0,no,"₹99,990",99990
160,Lenovo,r3,win11,8,512,0,no,"₹35,590",35590
161,ASUS,r9,win11,16,1000,0,no,"₹1,50,990",150990
162,APPLE,M1M,MacOS,32,1000,0,no,"₹3,09,490",309490
163,ASUS,i5,win11,16,256,1000,no,"₹64,990",64990
164,ASUS,r7,win11,16,512,0,no,"₹89,990",89990
165,ASUS,r7,win10,16,512,0,no,"₹85,990",85990
166,ASUS,r9,win11,16,1000,0,no,"₹1,94,990",194990
167,Lenovo,r5,win11,8,512,0,no,"₹44,990",44990
168,APPLE,M1P,MacOS,16,1000,0,no,"₹2,22,990",222990
170,Lenovo,i3,win11,8,256,0,no,"₹36,990",36990
171,Lenovo,i3,win11,8,512,0,no,"₹39,990",39990
172,DELL,i3,win11,8,256,1000,no,"₹45,900",45900
173,ASUS,i7,win11,16,512,0,no,"₹79,990",79990
174,ASUS,i5,win11,8,512,0,no,"₹56,990",56990
175,DELL,r3,win11,8,256,0,no,"₹34,990",34990
176,RedmiBook,i5,win11,8,512,0,no,"₹39,990",39990
177,ASUS,r9,win11,16,1000,0,no,"₹1,96,990",196990
178,DELL,i3,win11,8,512,0,no,"₹43,580",43580
179,Lenovo,r5,win10,16,512,0,yes,"₹74,990",74990
180,Lenovo,r5,win11,8,512,0,no,"₹38,705",38705
181,ASUS,r7,win11,16,1000,0,no,"₹85,990",85990
182,Lenovo,i3,win10,8,512,0,no,"₹37,490",37490
183,Infinix,Celeron,win11,4,128,0,no,"₹20,990",20990
184,MSI,i7,win11,16,512,0,no,"₹1,09,990",109990
185,ASUS,i5,win11,16,512,0,no,"₹71,990",71990
186,Lenovo,r3,win11,8,512,0,no,"₹35,590",35590
187,ASUS,r9,win11,16,1000,0,no,"₹1,50,990",150990
188,Infinix,i3,win11,8,512,0,no,"₹32,990",32990
189,MSI,r5,win10,8,512,0,no,"₹43,990",43990
190,Lenovo,r7,win11,8,512,0,no,"₹73,490",73490
191,ASUS,r9,win11,16,1000,0,no,"₹1,94,990",194990
192,acer,r3,win11,8,256,0,no,"₹25,990",25990
193,ASUS,i9,win10,16,1000,0,no,"₹1,22,990",122990
194,acer,i5,win11,16,512,0,no,"₹68,990",68990
195,acer,i5,win11,8,512,0,no,"₹59,990",59990
196,Lenovo,i3,win11,8,256,0,no,"₹36,990",36990
197,Lenovo,i3,win11,8,512,0,no,"₹39,990",39990
198,acer,r5,win10,8,512,0,no,"₹39,990",39990
199,ASUS,i3,win10,8,0,1000,no,"₹37,990",37990
200,RedmiBook,i5,win11,8,512,0,no,"₹39,990",39990
201,ASUS,r9,win11,16,1000,0,no,"₹1,96,990",196990
202,Lenovo,Celeron,win10,4,256,0,no,"₹25,950",25950
203,realme,i5,win11,16,512,0,no,"₹64,999",64999
204,HP,r5,win11,8,512,0,no,"₹60,990",60990
205,ASUS,i3,win11,8,512,0,no,"₹36,990",36990
206,Lenovo,r5,win11,8,512,0,no,"₹38,705",38705
207,ASUS,r7,win11,16,1000,0,no,"₹85,990",85990
209,APPLE,M1P,MacOS,16,512,0,no,"₹2,22,990",222990
210,Lenovo,r3,win11,8,512,0,no,"₹35,590",35590
211,ASUS,r9,win11,16,1000,0,no,"₹1,50,990",150990
212,DELL,i9,win11,16,1000,0,no,"₹2,35,283",235283
213,DELL,i3,win11,8,512,0,no,"₹38,990",38990
214,ASUS,r7,win11,16,512,0,no,"₹67,990",67990
215,MSI,i5,win11,16,512,0,no,"₹79,990",79990
216,Lenovo,i3,win11,8,256,0,no,"₹36,990",36990
217,RedmiBook,i5,win11,8,512,0,no,"₹39,990",39990
218,ASUS,r7,win11,16,512,0,no,"₹67,990",67990
219,MSI,i5,win11,16,512,0,no,"₹79,990",79990
220,ASUS,r9,win11,16,1000,0,no,"₹1,96,990",196990
221,Lenovo,r5,win11,8,512,0,no,"₹38,705",38705
222,ASUS,i5,win11,16,512,0,no,"₹89,990",89990
223,ASUS,i9,win11,32,1000,0,no,"₹2,41,990",241990
224,ASUS,i5,win11,8,512,0,no,"₹43,490",43490
225,realme,i3,win10,8,256,0,no,"₹46,990",46990
226,ASUS,r7,win11,16,1000,0,no,"₹85,990",85990
227,Lenovo,r3,win11,8,512,0,no,"₹35,590",35590
229,APPLE,M1,MacOS,8,256,0,no,"₹94,990",94990
230,ASUS,r9,win11,16,1000,0,no,"₹1,50,990",150990
231,Lenovo,i3,win11,8,512,0,no,"₹39,990",39990
232,MSI,i7,win10,16,1000,0,no,"₹1,14,990",114990
233,APPLE,M2,MacOS,8,256,0,no,"₹1,21,990",121990
234,ASUS,i3,win10,8,0,1000,no,"₹37,990",37990
235,ASUS,Pentium,win11,8,256,0,no,"₹27,990",27990
236,ASUS,r9,win11,16,1000,0,no,"₹1,94,990",194990
237,Lenovo,r5,win11,8,512,0,no,"₹44,990",44990
238,DELL,r3,win11,8,512,0,no,"₹40,190",40190
239,Lenovo,r3,win11,8,512,0,no,"₹34,990",34990
240,Lenovo,i3,win11,8,512,0,no,"₹39,990",39990
241,RedmiBook,i5,win11,8,512,0,no,"₹39,990",39990
242,ASUS,i7,win10,16,1000,0,yes,"₹94,990",94990
243,Lenovo,i5,win11,8,512,0,no,"₹69,990",69990
244,ASUS,i5,win11,8,512,0,no,"₹59,990",59990
245,ASUS,i5,win11,16,512,0,yes,"₹66,990",66990
246,ASUS,r9,win11,16,1000,0,no,"₹1,96,990",196990
247,Lenovo,r5,win11,8,512,0,no,"₹38,705",38705
248,ASUS,i7,win11,16,512,0,yes,"₹1,04,990",104990
249,DELL,i3,win11,8,256,0,yes,"₹54,900",54900
250,ASUS,r7,win11,16,1000,0,no,"₹85,990",85990
251,Lenovo,r3,win11,8,512,0,no,"₹35,590",35590
252,Lenovo,r7,win11,16,1000,0,no,"₹1,36,990",136990
253,DELL,r5,win11,8,512,0,no,"₹48,184",48184
254,ASUS,i5,win11,16,512,0,no,"₹74,990",74990
255,acer,i5,win11,8,512,0,no,"₹60,990",60990
256,ASUS,r9,win11,16,1000,0,no,"₹1,50,990",150990
257,Lenovo,i3,win11,8,256,0,no,"₹36,990",36990
258,HP,r5,win11,8,512,0,no,"₹49,990",49990
259,DELL,i5,win11,8,512,0,no,"₹67,990",67990
260,ASUS,r9,win11,16,1000,0,no,"₹1,94,990",194990
261,Lenovo,r5,win11,8,512,0,no,"₹44,990",44990
262,Lenovo,i5,win10,8,512,0,no,"₹58,000",58000
263,Infinix,i3,win11,8,256,0,no,"₹29,990",29990
264,ASUS,r7,win11,16,1000,0,yes,"₹1,14,990",114990
265,HP,r3,win11,8,512,0,no,"₹33,990",33990
266,RedmiBook,i5,win11,8,512,0,no,"₹39,990",39990
267,ASUS,r9,win11,16,1000,0,no,"₹1,96,990",196990
268,ASUS,r5,win11,16,512,0,no,"₹64,990",64990
269,Lenovo,i5,win11,16,512,0,no,"₹79,990",79990
270,Lenovo,r5,win11,8,512,0,no,"₹38,705",38705
271,ASUS,r7,win11,16,1000,0,no,"₹85,990",85990
272,Infinix,i3,win11,8,256,0,no,"₹28,990",28990
273,ASUS,r5,win11,8,512,0,no,"₹56,990",56990
274,HP,r5,win11,16,512,0,yes,"₹81,990",81990
275,MSI,i7,win10,16,1000,0,no,"₹1,29,990",129990
276,Lenovo,r3,win11,8,512,0,no,"₹35,590",35590
277,ASUS,r9,win11,16,1000,0,no,"₹1,50,990",150990
278,DELL,r3,win10,8,0,1000,no,"₹38,990",38990
279,HP,r7,win10,16,256,1000,no,"₹79,990",79990
280,Lenovo,i3,win11,8,256,0,no,"₹36,990",36990
281,Lenovo,i3,win11,8,512,0,no,"₹39,990",39990
282,APPLE,M2,MacOS,8,512,0,no,"₹1,39,990",139990
283,ASUS,i7,win11,16,1000,0,no,"₹1,09,990",109990
284,ASUS,r9,win11,16,1000,0,no,"₹1,54,990",154990
285,Lenovo,i5,win11,16,512,0,no,"₹62,990",62990
286,ASUS,r9,win11,16,1000,0,no,"₹1,94,990",194990
287,Lenovo,r5,win11,8,512,0,no,"₹44,990",44990
288,ASUS,i3,win11,8,512,0,no,"₹47,990",47990
289,DELL,r3,win11,8,512,0,no,"₹43,667",43667
290,ASUS,r7,win11,16,1000,0,no,"₹1,35,990",135990
291,Lenovo,i3,win11,8,256,0,no,"₹36,990",36990
292,ASUS,r7,win11,16,512,0,no,"₹98,990",98990
293,Infinix,i7,win11,16,512,0,no,"₹46,990",46990
294,ASUS,i3,win11,8,256,0,no,"₹35,990",35990
295,Lenovo,i3,win11,8,512,0,no,"₹39,990",39990
296,ASUS,i7,win11,16,1000,0,no,"₹1,09,990",109990
297,APPLE,M2,MacOS,8,512,0,no,"₹1,39,990",139990
298,DELL,i5,win11,8,512,0,yes,"₹74,770",74770
299,RedmiBook,i5,win11,8,512,0,no,"₹39,990",39990
300,HP,r3,win11,8,512,0,no,"₹40,799",40799
301,ASUS,i5,win10,16,512,0,no,"₹69,490",69490
302,ASUS,i3,win11,8,512,0,no,"₹39,990",39990
303,Lenovo,r5,win11,8,512,0,no,"₹38,705",38705
304,ASUS,r5,win11,16,512,0,yes,"₹99,990",99990
305,APPLE,M1P,MacOS,16,1000,0,no,"₹2,41,990",241990
306,acer,i5,win11,8,512,0,no,"₹40,990",40990
307,ASUS,r9,win11,16,1000,0,no,"₹1,96,990",196990
308,HP,i5,win10,8,512,0,no,"₹60,390",60390
309,HP,i5,win10,8,256,1000,no,"₹69,990",69990
310,ASUS,i3,win11,8,256,0,no,"₹44,990",44990
311,ASUS,r7,win11,16,1000,0,no,"₹85,990",85990
312,ASUS,i5,win11,8,256,0,no,"₹44,990",44990
313,HP,i5,win10,8,512,0,no,"₹60,390",60390
314,ASUS,i5,win10,16,512,0,no,"₹69,490",69490
315,HP,r3,win11,8,512,0,no,"₹40,799",40799
316,Lenovo,i3,win11,8,512,0,no,"₹39,990",39990
317,RedmiBook,i5,win11,8,512,0,no,"₹39,990",39990
318,HP,r5,win11,16,512,0,no,"₹55,990",55990
319,Lenovo,i5,win11,16,512,0,no,"₹74,990",74990
320,ASUS,r9,win11,16,1000,0,no,"₹1,96,990",196990
321,Lenovo,r5,win11,8,512,0,no,"₹38,705",38705
322,HP,i5,win10,8,256,1000,no,"₹69,990",69990
323,ASUS,i3,win11,8,256,0,no,"₹44,990",44990
324,ASUS,i5,win11,8,1000,0,no,"₹59,990",59990
325,APPLE,M1P,MacOS,16,512,0,no,"₹2,22,990",222990
326,ASUS,r7,win11,16,1000,0,no,"₹85,990",85990
327,Lenovo,r3,win11,8,512,0,no,"₹35,590",35590
328,DELL,i5,win11,8,512,0,yes,"₹74,770",74770
329,ASUS,i7,win11,16,1000,0,no,"₹1,09,990",109990
330,ASUS,r9,win11,16,1000,0,no,"₹1,50,990",150990
331,Lenovo,i3,win11,8,256,0,no,"₹36,990",36990
332,acer,r5,win11,8,512,0,no,"₹62,990",62990
333,acer,i5,win11,8,512,0,no,"₹40,990",40990
334,MSI,i5,win10,8,512,0,no,"₹58,499",58499
335,Lenovo,i5,win10,8,256,1000,no,"₹65,990",65990
336,Lenovo,i3,win11,8,256,0,no,"₹36,990",36990
337,RedmiBook,i5,win11,8,512,0,no,"₹39,990",39990
338,DELL,i7,win11,16,512,0,no,"₹1,11,990",111990
339,Lenovo,i5,win11,16,512,0,no,"₹68,490",68490
340,ASUS,r9,win11,16,1000,0,no,"₹1,96,990",196990
341,Lenovo,r5,win11,8,512,0,no,"₹38,705",38705
342,Infinix,i7,win11,16,512,0,no,"₹46,990",46990
343,ASUS,i5,win10,8,0,1000,no,"₹83,990",83990
344,acer,i5,win11,8,512,0,no,"₹54,990",54990
345,ASUS,Celeron,Chrome,4,0,0,yes,"₹14,990",14990
346,ASUS,r7,win11,16,1000,0,no,"₹85,990",85990
347,Lenovo,r3,win11,8,512,0,no,"₹35,590",35590
348,APPLE,M1,MacOS,8,1000,0,no,"₹1,49,990",149990
349,DELL,i5,win10,8,512,0,no,"₹63,090",63090
350,ASUS,r9,win11,16,1000,0,no,"₹1,50,990",150990
351,Lenovo,i3,win11,8,512,0,no,"₹39,990",39990
352,MSI,i7,win11,16,1000,0,no,"₹2,00,000",200000
353,Lenovo,i3,win11,8,256,0,no,"₹37,390",37390
354,ASUS,i5,win11,8,512,0,yes,"₹63,990",63990
355,DELL,i3,win10,8,512,0,no,"₹43,090",43090
356,ASUS,r9,win11,16,1000,0,no,"₹1,94,990",194990
357,Lenovo,r5,win11,8,512,0,no,"₹44,990",44990
358,Lenovo,i3,win10,4,256,0,no,"₹44,700",44700
359,HP,i3,win10,8,256,0,no,"₹41,150",41150
360,Lenovo,i3,win11,8,256,0,no,"₹36,990",36990
361,Lenovo,i3,win11,8,512,0,no,"₹39,990",39990
362,ASUS,r3,win11,8,256,0,no,"₹33,990",33990
363,MSI,i7,win11,16,1000,0,no,"₹1,90,890",190890
364,ASUS,i9,win11,16,1000,0,yes,"₹1,74,990",174990
365,HP,r7,win11,16,1000,0,no,"₹1,18,990",118990
366,RedmiBook,i5,win11,8,512,0,no,"₹39,990",39990
367,ASUS,r9,win11,16,1000,0,no,"₹1,96,990",196990
368,ASUS,i5,win11,16,512,0,no,"₹63,980",63980
369,acer,r5,win11,8,512,0,no,"₹54,300",54300
370,Lenovo,r5,win11,8,512,0,no,"₹38,705",38705
371,ASUS,r7,win11,16,1000,0,no,"₹85,990",85990
372,DELL,r3,win11,8,256,0,no,"₹36,400",36400
373,ASUS,i3,win10,4,256,0,no,"₹28,590",28590
374,DELL,r5,win11,16,512,0,no,"₹69,999",69999
375,ASUS,i9,win11,32,1000,0,no,"₹3,01,990",301990
376,Lenovo,r3,win11,8,512,0,no,"₹35,590",35590
377,ASUS,r9,win11,16,1000,0,no,"₹1,50,990",150990
378,Lenovo,i3,win11,8,256,0,no,"₹37,000",37000
379,Lenovo,i5,win10,16,512,0,no,"₹64,990",64990
380,Lenovo,r7,win11,8,512,0,no,"₹73,490",73490
381,ASUS,r9,win11,16,1000,0,no,"₹1,94,990",194990
382,DELL,i3,win11,8,256,0,no,"₹42,690",42690
383,ASUS,r7,win11,16,1000,0,no,"₹1,40,990",140990
384,Lenovo,i3,win10,4,256,0,no,"₹38,990",38990
385,HP,i7,win11,16,512,0,no,"₹1,28,990",128990
386,acer,i3,win11,8,512,0,no,"₹54,999",54999
387,Lenovo,i3,win11,8,256,0,no,"₹36,990",36990
388,acer,i5,win10,8,256,1000,no,"₹60,130",60130
389,acer,Pentium,win11,8,256,0,no,"₹29,490",29490
390,DELL,i5,win11,8,512,0,yes,"₹72,490",72490
391,Lenovo,i3,win11,8,512,0,no,"₹39,990",39990
393,acer,i5,win10,8,0,1000,no,"₹47,130",47130
394,Lenovo,r7,win10,8,512,0,no,"₹55,600",55600
395,RedmiBook,i5,win11,8,512,0,no,"₹39,990",39990
396,DELL,r5,win10,8,512,0,no,"₹49,690",49690
397,ASUS,i7,win11,32,1000,0,no,"₹2,39,990",239990
398,MSI,i5,win10,16,512,0,no,"₹73,990",73990
399,Lenovo,r5,win11,8,512,0,no,"₹38,705",38705
400,HP,r5,win10,8,512,0,no,"₹52,490",52490
401,HP,i3,win11,8,512,0,no,"₹41,990",41990
402,ASUS,Pentium,win11,8,256,0,no,"₹29,990",29990
403,ASUS,r9,win11,16,1000,0,no,"₹1,96,990",196990
405,acer,i7,win10,16,512,1000,no,"₹96,490",96490
406,Infinix,i5,win11,16,512,0,no,"₹37,990",37990
407,ASUS,r7,win11,16,1000,0,no,"₹85,990",85990
408,MSI,i5,win10,16,512,0,no,"₹74,990",74990
409,ASUS,i5,win10,8,512,0,no,"₹51,990",51990
410,Lenovo,i3,win11,8,256,0,no,"₹36,990",36990
411,Lenovo,i3,win11,8,512,0,no,"₹39,990",39990
412,ASUS,r5,win10,8,256,1000,no,"₹71,345",71345
413,ASUS,i7,win10,16,1000,0,no,"₹1,01,490",101490
414,MSI,i7,win11,32,1000,0,no,"₹2,74,990",274990
415,ASUS,r9,win11,16,1000,0,no,"₹1,99,990",199990
416,RedmiBook,i5,win11,8,512,0,no,"₹39,990",39990
417,ASUS,r9,win11,16,1000,0,no,"₹1,96,990",196990
418,DELL,i3,win10,8,256,0,no,"₹41,090",41090
419,Lenovo,i5,win10,8,256,0,no,"₹50,499",50499
420,Lenovo,r5,win11,8,512,0,no,"₹38,705",38705
421,ASUS,r7,win11,16,1000,0,no,"₹85,990",85990
422,HP,r7,win11,8,512,0,no,"₹78,950",78950
423,Lenovo,r5,win11,16,512,0,yes,"₹67,990",67990
424,ASUS,r9,win11,16,1000,0,no,"₹1,87,990",187990
425,Lenovo,i7,win10,16,1000,0,yes,"₹1,02,990",102990
426,Lenovo,r3,win11,8,512,0,no,"₹35,590",35590
427,ASUS,r9,win11,16,1000,0,no,"₹1,50,990",150990
428,ASUS,i3,DOS,4,256,0,no,"₹35,990",35990
429,HP,r5,win10,8,512,0,no,"₹52,575",52575
430,Lenovo,r7,win11,8,512,0,no,"₹73,490",73490
431,ASUS,r9,win11,16,1000,0,no,"₹1,94,990",194990
432,DELL,r5,win11,8,512,0,no,"₹50,990",50990
433,Lenovo,i5,win10,16,512,0,no,"₹60,125",60125
434,Lenovo,Celeron,win10,4,256,0,no,"₹26,490",26490
435,HP,r7,win11,8,512,0,no,"₹80,249",80249
436,Lenovo,i3,win11,8,256,0,no,"₹36,990",36990
437,Lenovo,i3,win11,8,512,0,no,"₹39,990",39990
439,ASUS,r7,win10,8,1000,0,no,"₹76,990",76990
440,RedmiBook,i5,win11,8,512,0,no,"₹39,990",39990
441,ASUS,r9,win11,16,1000,0,no,"₹1,96,990",196990
442,ASUS,i3,win10,8,512,0,no,"₹36,990",36990
443,MSI,i7,win10,16,512,0,no,"₹1,07,790",107790
444,DELL,i5,win11,16,512,0,yes,"₹75,990",75990
445,ASUS,i5,win10,16,512,0,yes,"₹95,990",95990
446,Lenovo,r5,win11,8,512,0,no,"₹38,705",38705
447,ASUS,r7,win11,16,1000,0,no,"₹85,990",85990
448,acer,i5,win11,8,512,0,no,"₹61,999",61999
449,HP,Celeron,win11,8,256,0,no,"₹28,990",28990
450,Lenovo,r3,win11,8,512,0,no,"₹35,590",35590
451,ASUS,r9,win11,16,1000,0,no,"₹1,50,990",150990
452,Lenovo,i5,win10,8,512,0,no,"₹54,990",54990
453,ASUS,i7,win11,16,512,0,no,"₹56,990",56990
454,ASUS,i5,win11,8,256,0,no,"₹45,990",45990
455,ASUS,i3,win11,8,512,0,no,"₹38,216",38216
456,Lenovo,i3,win11,8,256,0,no,"₹36,990",36990
457,Lenovo,i3,win11,8,512,0,no,"₹39,990",39990
458,MSI,i7,win11,8,512,0,no,"₹79,990",79990
459,DELL,i3,win10,4,256,1000,no,"₹43,990",43990
460,RedmiBook,i5,win11,8,512,0,no,"₹39,990",39990
461,ASUS,r9,win11,16,1000,0,no,"₹1,96,990",196990
462,HP,r7,win11,16,1000,0,no,"₹1,08,250",108250
463,ASUS,i3,win10,4,0,1000,no,"₹28,990",28990
464,MSI,i9,win11,32,2000,0,no,"₹3,89,990",389990
465,DELL,i5,win11,16,512,0,no,"₹67,224",67224
466,Lenovo,r5,win11,8,512,0,no,"₹38,705",38705
467,ASUS,r7,win11,16,1000,0,no,"₹85,990",85990
468,acer,r7,win10,16,256,1000,no,"₹1,14,990",114990
469,ASUS,i5,win10,4,0,1000,no,"₹61,249",61249
470,Lenovo,r3,win11,8,512,0,no,"₹35,590",35590
471,ASUS,r9,win11,16,1000,0,no,"₹1,50,990",150990
472,HP,i5,win11,16,512,0,no,"₹69,990",69990
473,Lenovo,r5,DOS,8,512,0,no,"₹69,990",69990
474,Lenovo,i5,win11,16,512,0,no,"₹79,990",79990
475,Lenovo,r3,win10,8,256,0,no,"₹37,990",37990
476,Lenovo,r7,win11,8,512,0,no,"₹73,490",73490
477,ASUS,r9,win11,16,1000,0,no,"₹1,94,990",194990
478,Infinix,i5,win11,8,512,0,no,"₹36,990",36990
479,ASUS,Celeron,win11,4,128,0,yes,"₹29,980",29980
480,Lenovo,i3,win11,8,256,0,no,"₹36,990",36990
481,RedmiBook,i5,win11,8,512,0,no,"₹39,990",39990
482,ASUS,i5,win10,16,512,0,yes,"₹95,990",95990
483,DELL,r3,win11,8,512,0,no,"₹41,600",41600
484,DELL,i5,win11,16,512,0,no,"₹67,224",67224
485,ASUS,i5,win11,8,512,0,no,"₹61,986",61986
486,ASUS,r9,win11,16,1000,0,no,"₹1,96,990",196990
487,Lenovo,r5,win11,8,512,0,no,"₹38,705",38705
488,ASUS,i5,win10,4,0,1000,no,"₹61,249",61249
489,HP,r3,win11,8,256,0,no,"₹38,999",38999
490,ASUS,r7,win11,16,1000,0,no,"₹85,990",85990
491,Lenovo,r3,win11,8,512,0,no,"₹35,590",35590
492,Lenovo,i3,win11,4,256,0,no,"₹31,990",31990
493,Lenovo,r3,win10,8,256,0,no,"₹37,990",37990
494,ASUS,Celeron,win11,4,128,0,yes,"₹29,980",29980
495,ASUS,i5,win11,8,512,0,no,"₹46,990",46990
496,ASUS,r9,win11,16,1000,0,no,"₹1,50,990",150990
497,Lenovo,r7,win11,8,512,0,no,"₹73,490",73490
498,Infinix,i5,win11,8,512,0,no,"₹37,990",37990
499,Infinix,i5,win11,8,512,0,no,"₹36,990",36990
500,Lenovo,i3,win11,8,512,0,no,"₹39,990",39990
501,ASUS,r9,win11,16,1000,0,no,"₹1,94,990",194990
502,acer,r5,win10,8,256,1000,no,"₹61,490",61490
503,HP,r7,win10,16,1000,0,no,"₹1,09,990",109990
504,HP,r5,win11,8,512,0,no,"₹54,990",54990
505,Lenovo,r5,win10,8,512,0,no,"₹50,990",50990
506,Lenovo,i3,win11,8,256,0,no,"₹36,990",36990
507,RedmiBook,i5,win11,8,512,0,no,"₹39,990",39990
508,MSI,i5,win10,8,0,1000,no,"₹62,190",62190
509,ASUS,Celeron,Chrome,4,0,0,yes,"₹24,390",24390
510,ASUS,r9,win11,16,1000,0,no,"₹1,96,990",196990
511,Lenovo,r5,win11,8,512,0,no,"₹38,705",38705
512,Lenovo,i3,win11,8,0,1000,no,"₹36,990",36990
513,HP,r7,win10,16,1000,0,no,"₹1,59,990",159990
514,ASUS,i3,win11,4,256,0,no,"₹34,490",34490
515,ASUS,r9,win11,16,512,0,no,"₹99,990",99990
516,ASUS,r7,win11,16,1000,0,no,"₹85,990",85990
517,Lenovo,r3,win11,8,512,0,no,"₹35,590",35590
518,ASUS,i5,win11,8,512,0,no,"₹79,990",79990
519,Infinix,Celeron,win11,4,128,0,no,"₹20,990",20990
520,ASUS,r9,win11,16,1000,0,no,"₹1,50,990",150990
521,Lenovo,i3,win11,8,512,0,no,"₹39,990",39990
522,HP,i3,win11,8,256,1000,no,"₹41,490",41490
523,DELL,r7,win11,16,1000,0,no,"₹2,06,581",206581
524,ASUS,r5,win11,8,512,0,no,"₹59,990",59990
525,acer,i5,win11,16,512,0,no,"₹62,990",62990
526,ASUS,r9,win11,16,1000,0,no,"₹1,94,990",194990
527,Lenovo,r5,win11,8,512,0,no,"₹44,990",44990
528,ASUS,r9,win11,16,1000,0,no,"₹1,94,990",194990
529,ASUS,r5,win10,8,256,1000,no,"₹62,990",62990
530,RedmiBook,i5,win11,8,512,0,no,"₹39,990",39990
531,ASUS,r9,win11,16,1000,0,no,"₹1,96,990",196990
532,Lenovo,r5,win10,8,512,0,no,"₹61,990",61990
533,ASUS,r7,win11,16,1000,0,no,"₹1,05,990",105990
534,acer,i7,win11,16,1000,0,no,"₹1,55,490",155490
536,Lenovo,r5,win11,8,512,0,no,"₹38,705",38705
537,ASUS,r7,win11,16,1000,0,no,"₹85,990",85990
538,Lenovo,i3,win10,4,0,1000,no,"₹33,499",33499
539,Infinix,i5,win11,8,512,0,no,"₹42,990",42990
540,Lenovo,r3,win11,8,512,0,no,"₹35,590",35590
541,ASUS,r9,win11,16,1000,0,no,"₹1,50,990",150990
542,HP,i5,win11,8,512,0,no,"₹63,990",63990
543,acer,i9,win11,16,1000,0,no,"₹1,24,990",124990
544,ASUS,Celeron,win11,4,0,0,no,"₹21,990",21990
545,Lenovo,Celeron,win10,4,256,0,no,"₹30,100",30100
546,Lenovo,i3,win11,8,256,0,no,"₹36,990",36990
547,Lenovo,i3,win11,8,512,0,no,"₹39,990",39990
548,HP,i7,win11,32,1000,0,no,"₹1,99,990",199990
549,acer,i5,win11,8,256,1000,no,"₹61,130",61130
550,ASUS,r9,win11,16,1000,0,no,"₹1,94,990",194990
551,Lenovo,r5,win11,8,512,0,no,"₹44,990",44990
552,Lenovo,i3,win11,8,256,1000,no,"₹40,990",40990
553,ASUS,i5,win10,8,1000,0,no,"₹75,990",75990
554,HP,i3,win11,8,512,0,no,"₹46,890",46890
555,Lenovo,i3,win11,8,256,0,no,"₹37,390",37390
556,Lenovo,i3,win11,8,256,0,no,"₹36,990",36990
557,Lenovo,i3,win11,8,512,0,no,"₹39,990",39990
558,Lenovo,i5,win11,16,512,0,no,"₹68,490",68490
559,ASUS,Celeron,win11,4,0,0,no,"₹19,990",19990
560,RedmiBook,i5,win11,8,512,0,no,"₹39,990",39990
561,ASUS,r9,win11,16,1000,0,no,"₹1,96,990",196990
562,ASUS,i7,win11,16,512,0,no,"₹89,990",89990
563,DELL,i5,win11,8,512,0,no,"₹59,790",59790
564,MSI,i9,win11,16,1000,0,no,"₹1,25,990",125990
565,ASUS,r7,win11,32,2000,0,no,"₹2,49,990",249990
566,Lenovo,r5,win11,8,512,0,no,"₹38,705",38705
567,ASUS,r7,win11,16,1000,0,no,"₹85,990",85990
568,ASUS,r7,win11,16,1000,0,no,"₹1,49,990",149990
569,DELL,Pentium,win11,8,256,0,no,"₹36,990",36990
570,Lenovo,r3,win11,8,512,0,no,"₹35,590",35590
571,ASUS,r9,win11,16,1000,0,no,"₹1,50,990",150990
572,ASUS,i5,win10,16,512,0,no,"₹85,990",85990
573,HP,r7,win10,8,512,0,no,"₹60,990",60990
574,DELL,i5,win11,8,512,0,no,"₹87,900",87900
575,Lenovo,Dual,win10,4,0,1000,no,"₹27,490",27490
576,DELL,Pentium,win11,8,256,0,no,"₹36,990",36990
577,ASUS,r7,win11,32,2000,0,no,"₹2,49,990",249990
578,ASUS,r7,win11,16,1000,0,no,"₹1,49,990",149990
579,RedmiBook,i5,win11,8,512,0,no,"₹39,990",39990
580,HP,r3,win11,8,0,1000,no,"₹28,999",28999
581,DELL,i5,win11,8,512,0,no,"₹87,900",87900
582,acer,i7,win10,16,512,1000,no,"₹1,17,990",117990
583,Lenovo,r5,win11,8,512,0,no,"₹38,705",38705
584,ASUS,i5,win10,16,512,0,no,"₹85,990",85990
585,DELL,i5,win11,8,256,1000,no,"₹61,497",61497
586,HP,r5,win11,8,512,0,no,"₹70,400",70400
587,ASUS,r9,win11,16,1000,0,no,"₹1,96,990",196990
588,Lenovo,i5,win10,16,512,0,no,"₹69,000",69000
589,Lenovo,r5,win11,8,512,0,no,"₹64,490",64490
590,ASUS,r7,win11,16,1000,0,no,"₹1,49,990",149990
591,ASUS,r7,win11,16,1000,0,no,"₹85,990",85990
592,HP,r5,win11,8,512,0,no,"₹96,579",96579
593,DELL,i7,win11,16,512,0,no,"₹1,01,990",101990
594,ASUS,i7,win11,16,512,0,no,"₹89,990",89990
595,Lenovo,r3,win11,8,512,0,no,"₹35,590",35590
596,HP,r7,win11,8,512,0,no,"₹94,990",94990
597,MSI,i7,win11,32,2000,0,no,"₹3,14,990",314990
598,DELL,i3,win11,8,256,1000,no,"₹46,900",46900
599,ASUS,r9,win11,16,1000,0,no,"₹1,50,990",150990
600,Lenovo,i3,win11,8,256,0,no,"₹36,990",36990
601,Lenovo,i3,win11,8,512,0,no,"₹39,990",39990
602,ASUS,i9,win11,32,2000,0,no,"₹3,31,990",331990
603,DELL,i7,win11,16,1000,0,no,"₹1,16,490",116490
604,HP,r3,win10,8,512,0,no,"₹64,590",64590
605,DELL,i7,win11,16,1000,0,no,"₹1,37,990",137990
606,RedmiBook,i5,win11,8,512,0,no,"₹39,990",39990
607,ASUS,r9,win11,16,1000,0,no,"₹1,96,990",196990
608,DELL,i5,win10,8,512,0,no,"₹55,690",55690
609,Lenovo,i7,win10,16,512,0,no,"₹1,09,990",109990
610,Lenovo,r5,win11,8,512,0,no,"₹38,705",38705
611,ASUS,r7,win11,16,1000,0,no,"₹85,990",85990
612,ASUS,i7,win10,8,256,1000,no,"₹79,990",79990
613,ASUS,r9,win11,16,1000,0,no,"₹1,30,500",130500
614,ASUS,r9,win11,32,2000,0,no,"₹3,61,990",361990
615,ASUS,r9,win11,16,1000,0,yes,"₹2,11,990",211990
616,Lenovo,r3,win11,8,512,0,no,"₹35,590",35590
617,ASUS,r9,win11,16,1000,0,no,"₹1,50,990",150990
618,DELL,i3,win10,4,256,0,no,"₹39,890",39890
619,MSI,i7,win11,16,1000,0,no,"₹1,39,990",139990
620,Lenovo,r7,win11,8,512,0,no,"₹73,490",73490
621,ASUS,r9,win11,16,1000,0,no,"₹1,94,990",194990
622,MSI,i7,win10,16,256,1000,no,"₹99,990",99990
623,HP,i5,win10,16,512,0,no,"₹66,700",66700
624,DELL,i5,win10,8,256,1000,no,"₹68,990",68990
625,DELL,i9,win11,32,1000,0,no,"₹4,34,830",434830
626,Lenovo,i3,win11,8,256,0,no,"₹36,990",36990
627,Lenovo,i3,win11,8,512,0,no,"₹39,990",39990
629,HP,i7,win11,16,512,0,no,"₹1,05,822",105822
630,RedmiBook,i5,win11,8,512,0,no,"₹39,990",39990
631,ASUS,r9,win11,16,1000,0,no,"₹1,96,990",196990
632,Lenovo,Celeron,Chrome,4,0,0,yes,"₹28,490",28490
633,Lenovo,i5,win10,16,512,0,no,"₹66,990",66990
634,acer,i5,win11,8,512,0,no,"₹86,999",86999
635,ASUS,i3,win10,8,256,0,no,"₹36,990",36990
636,Lenovo,r5,win11,8,512,0,no,"₹38,705",38705
637,ASUS,r7,win11,16,1000,0,no,"₹85,990",85990
638,Lenovo,Celeron,win11,4,256,0,no,"₹23,250",23250
639,DELL,i3,win10,8,256,0,no,"₹42,390",42390
640,Lenovo,r3,win11,8,512,0,no,"₹35,590",35590
641,ASUS,r9,win11,16,1000,0,no,"₹1,50,990",150990
642,Lenovo,i5,win10,8,512,0,no,"₹58,990",58990
643,ASUS,i7,win10,16,1000,0,yes,"₹1,10,990",110990
645,DELL,r5,win11,8,512,0,no,"₹71,990",71990
646,ASUS,r9,win11,16,1000,0,no,"₹1,94,990",194990
647,Lenovo,r5,win11,8,512,0,no,"₹44,990",44990
648,Lenovo,i5,win10,16,512,0,yes,"₹84,990",84990
649,ASUS,r7,win11,16,1000,0,yes,"₹1,19,990",119990
650,Lenovo,i3,win11,8,256,0,no,"₹36,990",36990
651,Lenovo,i3,win11,8,512,0,no,"₹39,990",39990
652,MSI,i7,win10,32,1000,0,no,"₹2,14,990",214990
653,MSI,i3,win10,8,512,0,no,"₹48,790",48790
654,DELL,r7,win11,16,512,0,no,"₹76,000",76000
655,ASUS,r9,win10,32,1000,0,yes,"₹2,24,990",224990
656,RedmiBook,i5,win11,8,512,0,no,"₹39,990",39990
657,ASUS,r9,win11,16,1000,0,no,"₹1,96,990",196990
658,Infinix,i3,win11,8,512,0,no,"₹49,990",49990
659,ASUS,i7,win11,16,512,0,yes,"₹1,64,990",164990
660,Lenovo,r5,win11,8,512,0,no,"₹38,705",38705
661,ASUS,r7,win11,16,1000,0,no,"₹85,990",85990
662,HP,r3,win11,8,256,0,no,"₹31,490",31490
663,DELL,i3,win11,8,512,0,no,"₹48,077",48077
664,ASUS,r9,win10,16,1000,0,no,"₹1,54,990",154990
665,ASUS,i7,win10,32,1000,0,yes,"₹2,24,990",224990
666,Lenovo,r3,win11,8,512,0,no,"₹35,590",35590
667,ASUS,r9,win11,16,1000,0,no,"₹1,50,990",150990
668,ASUS,i5,win10,8,0,1000,no,"₹44,990",44990
669,ASUS,i5,win10,8,512,0,no,"₹65,990",65990
670,Lenovo,r7,win11,8,512,0,no,"₹73,490",73490
671,ASUS,r9,win11,16,1000,0,no,"₹1,94,990",194990
672,ASUS,i3,win10,8,0,1000,no,"₹31,990",31990
673,Lenovo,i3,win10,8,256,0,no,"₹38,980",38980
674,HP,r5,win10,8,512,0,no,"₹68,990",68990
675,DELL,i3,win10,8,256,0,no,"₹43,090",43090
676,Lenovo,i3,win11,8,512,0,no,"₹39,990",39990
677,RedmiBook,i5,win11,8,512,0,no,"₹39,990",39990
678,ASUS,r9,win10,16,1000,0,no,"₹1,54,990",154990
679,ASUS,i5,win10,8,512,0,no,"₹65,990",65990
680,ASUS,r9,win11,16,1000,0,no,"₹1,96,990",196990
681,Lenovo,r5,win11,8,512,0,no,"₹38,705",38705
682,DELL,i3,win11,8,512,0,no,"₹49,348",49348
683,DELL,i7,win11,16,512,0,no,"₹2,21,774",221774
684,Lenovo,r5,win10,8,512,0,no,"₹73,990",73990
685,DELL,r7,win11,16,512,0,no,"₹77,990",77990
686,ASUS,r7,win11,16,1000,0,no,"₹85,990",85990
687,Lenovo,r3,win11,8,512,0,no,"₹35,590",35590
690,ASUS,r9,win11,16,1000,0,no,"₹1,50,990",150990
691,Lenovo,i3,win11,8,256,0,no,"₹36,990",36990
692,DELL,i3,win11,8,512,0,no,"₹48,077",48077
693,DELL,r5,win11,8,512,0,no,"₹52,414",52414
694,ASUS,i7,win11,16,1000,0,no,"₹1,79,990",179990
695,ASUS,Celeron,Chrome,4,0,0,yes,"₹25,990",25990
696,Lenovo,i3,win11,8,256,0,no,"₹36,990",36990
697,Lenovo,i3,win11,8,512,0,no,"₹39,990",39990
698,DELL,i5,win11,16,512,0,yes,"₹80,615",80615
699,ASUS,r7,win11,16,1000,0,no,"₹1,55,990",155990
700,RedmiBook,i5,win11,8,512,0,no,"₹39,990",39990
701,ASUS,r9,win11,16,1000,0,no,"₹1,96,990",196990
702,Infinix,i7,win11,16,512,0,no,"₹49,990",49990
703,Lenovo,i7,win11,16,1000,0,no,"₹1,57,990",157990
704,ASUS,i5,win11,16,512,0,no,"₹92,990",92990
705,ASUS,r7,win11,16,1000,0,yes,"₹1,71,990",171990
706,Lenovo,r5,win11,8,512,0,no,"₹38,705",38705
707,ASUS,r7,win11,16,1000,0,no,"₹85,990",85990
708,ASUS,i5,win10,8,0,1000,no,"₹44,990",44990
709,ASUS,r9,win11,16,1000,0,yes,"₹1,51,990",151990
710,Lenovo,r3,win11,8,512,0,no,"₹35,590",35590
711,ASUS,r9,win11,16,1000,0,no,"₹1,50,990",150990
713,DELL,i5,win11,16,512,0,no,"₹76,590",76590
714,HP,r7,win10,16,512,0,no,"₹90,000",90000
715,ASUS,Celeron,Chrome,4,0,0,yes,"₹23,490",23490
716,Lenovo,r7,win11,8,512,0,no,"₹73,490",73490
717,ASUS,r9,win11,16,1000,0,no,"₹1,94,990",194990
718,ASUS,i7,win11,16,512,0,yes,"₹1,25,990",125990
719,Lenovo,i5,win10,8,256,1000,no,"₹50,990",50990
